{"count":1,"self":15.261918399999999,"total":37.050055199999996,"children":{"InitializeActuators":{"count":20,"self":0.0016381,"total":0.0016381,"children":null},"InitializeSensors":{"count":20,"self":0.0015076,"total":0.0015076,"children":null},"AgentSendState":{"count":6217,"self":1.6798335999999998,"total":2.0347722999999998,"children":{"CollectObservations":{"count":24880,"self":0.018299299999999998,"total":0.018299299999999998,"children":null},"WriteActionMask":{"count":24880,"self":0.007108,"total":0.007108,"children":null},"RequestDecision":{"count":24880,"self":0.0448598,"total":0.3295315,"children":{"AgentInfo.ToProto":{"count":24880,"self":0.0320214,"total":0.28467169999999997,"children":{"GenerateSensorData":{"count":24880,"self":0.1792354,"total":0.2526503,"children":{"RayPerceptionSensor.Perceive":{"count":99520,"self":0.073414899999999991,"total":0.073414899999999991,"children":null}}}}}}}}},"DecideAction":{"count":6217,"self":19.5036032,"total":19.5036037,"children":null},"AgentAct":{"count":6217,"self":0.24411259999999999,"total":0.24411259999999999,"children":null}},"gauges":{},"metadata":{"timer_format_version":"0.1.0","start_time_seconds":"1697493380","unity_version":"2022.2.6f1","command_line_arguments":"E:\\Dev\\SafeRLAUV\\Trainers\\..\/Builds\/HalfWater_Env\/SafeRLAUV.exe --mlagents-port 5005 -logFile E:\\Dev\\SafeRLAUV\\Trainers\\results\\LESSON_2\\run_logs\\Player-0.log","communication_protocol_version":"1.5.0","com.unity.ml-agents_version":"2.0.1","scene_name":"Caves_Medium_Plus","end_time_seconds":"1697493416"}}