{"count":1,"self":303.3650176,"total":932.7524424,"children":{"InitializeActuators":{"count":20,"self":0.0015037,"total":0.0015037,"children":null},"InitializeSensors":{"count":20,"self":0.0020008,"total":0.0020008,"children":null},"AgentSendState":{"count":187834,"self":33.984646399999995,"total":46.4619916,"children":{"CollectObservations":{"count":751340,"self":0.5970947,"total":0.5970947,"children":null},"WriteActionMask":{"count":751340,"self":0.24814799999999998,"total":0.24814799999999998,"children":null},"RequestDecision":{"count":751340,"self":1.0656493999999999,"total":11.6321025,"children":{"AgentInfo.ToProto":{"count":751340,"self":0.90476039999999991,"total":10.5664531,"children":{"GenerateSensorData":{"count":751340,"self":6.9222943999999993,"total":9.6616927,"children":{"RayPerceptionSensor.Perceive":{"count":3005360,"self":2.7393984,"total":2.7393984,"children":null}}}}}}}}},"DecideAction":{"count":187834,"self":575.38242559999992,"total":575.3824116,"children":null},"AgentAct":{"count":187834,"self":7.5029639999999995,"total":7.5029642999999995,"children":null},"AgentInfo.ToProto":{"count":712,"self":0.0040116,"total":0.0355647,"children":{"GenerateSensorData":{"count":712,"self":0.026041099999999998,"total":0.0315531,"children":{"RayPerceptionSensor.Perceive":{"count":2848,"self":0.0055119999999999995,"total":0.0055119999999999995,"children":null}}}}}},"gauges":{"Rover.CumulativeReward":{"count":712,"max":709.2452,"min":-5106.41553,"runningAverage":178.257355,"value":384.087677,"weightedAverage":378.6915}},"metadata":{"timer_format_version":"0.1.0","start_time_seconds":"1697492140","unity_version":"2022.2.6f1","command_line_arguments":"E:\\Dev\\SafeRLAUV\\Trainers\\..\/Builds\/Lesson_1\/SafeRLAUV.exe --mlagents-port 5005 -logFile E:\\Dev\\SafeRLAUV\\Trainers\\results\\LESSON_1\\run_logs\\Player-0.log","communication_protocol_version":"1.5.0","com.unity.ml-agents_version":"2.0.1","scene_name":"Caves_Easy","end_time_seconds":"1697493073"}}