{"count":1,"self":6468.2344447999994,"total":9431.3663554,"children":{"InitializeActuators":{"count":3,"self":0.0010002,"total":0.0010002,"children":null},"InitializeSensors":{"count":3,"self":0.0025055,"total":0.0025055,"children":null},"AgentSendState":{"count":2500151,"self":21.728529599999998,"total":39.8066889,"children":{"CollectObservations":{"count":1500093,"self":1.4483829,"total":1.4483829,"children":null},"WriteActionMask":{"count":1500093,"self":0.7006427,"total":0.7006427,"children":null},"RequestDecision":{"count":1500093,"self":2.4793287999999998,"total":15.929133199999999,"children":{"AgentInfo.ToProto":{"count":1500093,"self":2.6819952,"total":13.449804499999999,"children":{"GenerateSensorData":{"count":1500093,"self":9.172468799999999,"total":10.7678092,"children":{"RayPerceptionSensor.Perceive":{"count":1500093,"self":1.5953408,"total":1.5953408,"children":null}}}}}}}}},"DecideAction":{"count":2500151,"self":2908.6615552,"total":2908.6615610999997,"children":null},"AgentAct":{"count":2500151,"self":14.6105536,"total":14.6105532,"children":null},"AgentInfo.ToProto":{"count":3343,"self":0.0115154,"total":0.048533599999999996,"children":{"GenerateSensorData":{"count":3343,"self":0.028501799999999997,"total":0.0370182,"children":{"RayPerceptionSensor.Perceive":{"count":3343,"self":0.0085164,"total":0.0085164,"children":null}}}}}},"gauges":{"Boat.CumulativeReward":{"count":3343,"max":1905.6947,"min":-3193.60376,"runningAverage":136.1864,"value":343.723938,"weightedAverage":314.198364}},"metadata":{"timer_format_version":"0.1.0","start_time_seconds":"1707525604","unity_version":"2022.2.6f1","command_line_arguments":"E:\\Dev\\SafeRLAUV\\TrainerConfig\\..\/Builds\/OnSurface_Easy_Env\/SafeRLAUV.exe --mlagents-port 5005 -logFile E:\\Dev\\SafeRLAUV\\TrainerConfig\\results\\ONSURFACE_LESSON_1_EXPERIMENT_5\\run_logs\\Player-0.log","communication_protocol_version":"1.5.0","com.unity.ml-agents_version":"2.0.1","scene_name":"SurfaceEasy","end_time_seconds":"1707535036"}}