{"count":1,"self":8205.9010048,"total":12175.9045421,"children":{"InitializeActuators":{"count":3,"self":0.0010525,"total":0.0010525,"children":null},"InitializeSensors":{"count":3,"self":0.001923,"total":0.001923,"children":null},"AgentSendState":{"count":2500171,"self":23.204937599999997,"total":40.7061439,"children":{"CollectObservations":{"count":1500105,"self":1.5481392999999999,"total":1.5481392999999999,"children":null},"WriteActionMask":{"count":1500105,"self":0.7589135,"total":0.7589135,"children":null},"RequestDecision":{"count":1500105,"self":2.7200303999999997,"total":15.1941536,"children":{"AgentInfo.ToProto":{"count":1500105,"self":2.3099836,"total":12.4741231,"children":{"GenerateSensorData":{"count":1500105,"self":8.5726016,"total":10.1641396,"children":{"RayPerceptionSensor.Perceive":{"count":1500105,"self":1.5915382999999999,"total":1.5915382999999999,"children":null}}}}}}}}},"DecideAction":{"count":2500171,"self":3911.6746752,"total":3911.6747811,"children":null},"AgentAct":{"count":2500171,"self":17.5732832,"total":17.573283399999998,"children":null},"AgentInfo.ToProto":{"count":2644,"self":0.012218099999999999,"total":0.0465171,"children":{"GenerateSensorData":{"count":2644,"self":0.029795699999999998,"total":0.034298999999999996,"children":{"RayPerceptionSensor.Perceive":{"count":2644,"self":0.0045033,"total":0.0045033,"children":null}}}}}},"gauges":{"Boat.CumulativeReward":{"count":2644,"max":2007.931,"min":-4060.689,"runningAverage":-51.4971466,"value":354.718628,"weightedAverage":302.7917}},"metadata":{"timer_format_version":"0.1.0","start_time_seconds":"1707417177","unity_version":"2022.2.6f1","command_line_arguments":"E:\\Dev\\SafeRLAUV\\TrainerConfig\\..\/Builds\/OnSurface_Easy_Env\\SafeRLAUV.exe --mlagents-port 5005 -logFile E:\\Dev\\SafeRLAUV\\TrainerConfig\\results\\ONSURFACE_LESSON_1_EXPERIMENT_4\\run_logs\\Player-0.log","communication_protocol_version":"1.5.0","com.unity.ml-agents_version":"2.0.1","scene_name":"SurfaceEasy","end_time_seconds":"1707429353"}}