{"count":1,"self":12.1844904,"total":12.3435661,"children":{"InitializeActuators":{"count":20,"self":0.0020153,"total":0.0020153,"children":null},"InitializeSensors":{"count":20,"self":0.0030061,"total":0.0030061,"children":null},"AgentSendState":{"count":336,"self":0.098664099999999991,"total":0.12399059999999999,"children":{"CollectObservations":{"count":1360,"self":0.0029992,"total":0.0029992,"children":null},"WriteActionMask":{"count":1360,"self":0.0005041,"total":0.0005041,"children":null},"RequestDecision":{"count":1360,"self":0.012705099999999999,"total":0.021823199999999997,"children":{"RayPerceptionSensor.Perceive":{"count":5440,"self":0.0091180999999999988,"total":0.0091180999999999988,"children":null}}}}},"DecideAction":{"count":336,"self":0.015880699999999998,"total":0.015880699999999998,"children":null},"AgentAct":{"count":336,"self":0.014183099999999999,"total":0.014183099999999999,"children":null}},"gauges":{},"metadata":{"timer_format_version":"0.1.0","start_time_seconds":"1690293838","unity_version":"2022.2.6f1","command_line_arguments":"C:\\Program Files\\Unity\\Hub\\Editor\\2022.2.6f1\\Editor\\Unity.exe -projectpath E:\\Dev\\WaterSimulation -useHub -hubIPC -cloudEnvironment production -licensingIpc LicenseClient-david -hubSessionId 1efab734-89a3-4ebe-95a8-57ccacc43573","communication_protocol_version":"1.5.0","com.unity.ml-agents_version":"2.0.1","scene_name":"Caves_Final","end_time_seconds":"1690293851"}}