{"count":1,"self":10.5188432,"total":10.6641853,"children":{"InitializeActuators":{"count":20,"self":0.0015045,"total":0.0015045,"children":null},"InitializeSensors":{"count":20,"self":0.0035141,"total":0.0035141,"children":null},"AgentSendState":{"count":257,"self":0.090702499999999991,"total":0.1173987,"children":{"CollectObservations":{"count":1040,"self":0.0018947999999999999,"total":0.0018947999999999999,"children":null},"WriteActionMask":{"count":1040,"self":0.0020020999999999997,"total":0.0020020999999999997,"children":null},"RequestDecision":{"count":1040,"self":0.015195499999999999,"total":0.022799299999999998,"children":{"RayPerceptionSensor.Perceive":{"count":4160,"self":0.0076038,"total":0.0076038,"children":null}}}}},"DecideAction":{"count":257,"self":0.013509799999999999,"total":0.013509799999999999,"children":null},"AgentAct":{"count":257,"self":0.0094151,"total":0.0094151,"children":null}},"gauges":{},"metadata":{"timer_format_version":"0.1.0","start_time_seconds":"1690445997","unity_version":"2022.2.6f1","command_line_arguments":"C:\\Program Files\\Unity\\Hub\\Editor\\2022.2.6f1\\Editor\\Unity.exe -projectpath E:\\Dev\\SafeRLAUV -useHub -hubIPC -cloudEnvironment production -licensingIpc LicenseClient-david -hubSessionId 9d729d86-6dd5-4289-9c5d-71a966cf26da -accessToken UOE1ttdrUs0h4LGmC6d1E8w1-Fy5q9iPqKf0mUijPzU012f","communication_protocol_version":"1.5.0","com.unity.ml-agents_version":"2.0.1","scene_name":"Caves_Medium_360","end_time_seconds":"1690446008"}}