{"count":1,"self":104.29797119999999,"total":105.4855242,"children":{"InitializeActuators":{"count":1,"self":0.00099779999999999986,"total":0.00099779999999999986,"children":null},"InitializeSensors":{"count":1,"self":0.0015015999999999999,"total":0.0015015999999999999,"children":null},"AgentSendState":{"count":4591,"self":0.0861386,"total":0.11246189999999999,"children":{"CollectObservations":{"count":919,"self":0.0092896,"total":0.0092896,"children":null},"WriteActionMask":{"count":919,"self":0.0060161,"total":0.0060161,"children":null},"RequestDecision":{"count":919,"self":0.011017599999999999,"total":0.011017599999999999,"children":null}}},"DecideAction":{"count":4591,"self":1.0145614,"total":1.0200871999999999,"children":{"RayPerceptionSensor.Perceive":{"count":919,"self":0.0055258,"total":0.0055258,"children":null}}},"AgentAct":{"count":4591,"self":0.051500199999999996,"total":0.051500199999999996,"children":null}},"gauges":{"Boat.CumulativeReward":{"count":2,"max":113.4534,"min":-109.123108,"runningAverage":2.16514587,"value":113.4534,"weightedAverage":-53.47898}},"metadata":{"timer_format_version":"0.1.0","start_time_seconds":"1708976210","unity_version":"2022.2.6f1","command_line_arguments":"C:\\Program Files\\Unity\\Hub\\Editor\\2022.2.6f1\\Editor\\Unity.exe -projectpath E:\\Dev\\SafeRLAUV -useHub -hubIPC -cloudEnvironment production -licensingIpc LicenseClient-david -hubSessionId 374bd669-e5ff-4171-b63f-6d2aa519644b -accessToken V1Qdyxbkj7JuUviuyJnL2oY5pPq9pQa_gl7GtUxc7Fs012f","communication_protocol_version":"1.5.0","com.unity.ml-agents_version":"2.0.1","scene_name":"EvalsOnSurface_2","end_time_seconds":"1708976315"}}