{"count":1,"self":14546.6540032,"total":14725.755936399999,"children":{"InitializeActuators":{"count":1,"self":0.0009995,"total":0.0009995,"children":null},"InitializeSensors":{"count":1,"self":0.0020001999999999997,"total":0.0020001999999999997,"children":null},"AgentSendState":{"count":603499,"self":8.3419984,"total":10.2163705,"children":{"CollectObservations":{"count":120700,"self":0.7782526,"total":0.7782526,"children":null},"WriteActionMask":{"count":120700,"self":0.32399669999999997,"total":0.32399669999999997,"children":null},"RequestDecision":{"count":120700,"self":0.77212249999999993,"total":0.77212249999999993,"children":null}}},"DecideAction":{"count":603499,"self":161.2704512,"total":162.2177155,"children":{"RayPerceptionSensor.Perceive":{"count":120700,"self":0.94725799999999993,"total":0.94725799999999993,"children":null}}},"AgentAct":{"count":603499,"self":6.664516,"total":6.6645160999999993,"children":null}},"gauges":{"Boat.CumulativeReward":{"count":374,"max":1747.08533,"min":-2700.76123,"runningAverage":-145.9889,"value":1038.53577,"weightedAverage":-255.381821}},"metadata":{"timer_format_version":"0.1.0","start_time_seconds":"1708084332","unity_version":"2022.2.6f1","command_line_arguments":"C:\\Program Files\\Unity\\Hub\\Editor\\2022.2.6f1\\Editor\\Unity.exe -projectpath E:\\Dev\\SafeRLAUV -useHub -hubIPC -cloudEnvironment production -licensingIpc LicenseClient-david -hubSessionId 2c727310-e7f6-46ba-bdc4-b6a41923a14a -accessToken CPf795mvhoE7q31OSfGHD6qFpnNjE0Uuw7zK7fsgDoM012f","communication_protocol_version":"1.5.0","com.unity.ml-agents_version":"2.0.1","scene_name":"EvalsOnSurface_1","end_time_seconds":"1708099058"}}