{"count":1,"self":554.80063999999993,"total":561.0943412,"children":{"InitializeActuators":{"count":1,"self":0.0010069999999999999,"total":0.0010069999999999999,"children":null},"InitializeSensors":{"count":1,"self":0.0020001999999999997,"total":0.0020001999999999997,"children":null},"AgentSendState":{"count":26311,"self":0.40347449999999996,"total":0.5021159,"children":{"CollectObservations":{"count":5263,"self":0.032512,"total":0.032512,"children":null},"WriteActionMask":{"count":5263,"self":0.0208875,"total":0.0208875,"children":null},"RequestDecision":{"count":5263,"self":0.045241899999999995,"total":0.045241899999999995,"children":null}}},"DecideAction":{"count":26311,"self":5.4282879999999993,"total":5.4673682999999995,"children":{"RayPerceptionSensor.Perceive":{"count":5263,"self":0.0390803,"total":0.0390803,"children":null}}},"AgentAct":{"count":26311,"self":0.3205967,"total":0.3205967,"children":null}},"gauges":{"Boat.CumulativeReward":{"count":12,"max":286.907837,"min":-231.011963,"runningAverage":47.646862,"value":74.64377,"weightedAverage":28.2577858}},"metadata":{"timer_format_version":"0.1.0","start_time_seconds":"1707690138","unity_version":"2022.2.6f1","command_line_arguments":"C:\\Program Files\\Unity\\Hub\\Editor\\2022.2.6f1\\Editor\\Unity.exe -projectpath E:\\Dev\\SafeRLAUV -useHub -hubIPC -cloudEnvironment production -licensingIpc LicenseClient-david -hubSessionId ff12c4bb-52a1-4a2a-9689-e32f1a159f79 -accessToken nfDE153big9TF_OXBgb3XUU0aM_WHk15wShFY5q-58w012f","communication_protocol_version":"1.5.0","com.unity.ml-agents_version":"2.0.1","scene_name":"SurfaceInference","end_time_seconds":"1707690699"}}