{"count":1,"self":36.43416,"total":36.556677199999996,"children":{"InitializeActuators":{"count":1,"self":0.0019933999999999998,"total":0.0019933999999999998,"children":null},"InitializeSensors":{"count":1,"self":0.0029912,"total":0.0029912,"children":null},"AgentSendState":{"count":1459,"self":0.0499849,"total":0.063791699999999993,"children":{"CollectObservations":{"count":292,"self":0.0050054999999999995,"total":0.0050054999999999995,"children":null},"WriteActionMask":{"count":292,"self":0.0029779999999999997,"total":0.0029779999999999997,"children":null},"RequestDecision":{"count":292,"self":0.0038280999999999996,"total":0.0058233,"children":{"RayPerceptionSensor.Perceive":{"count":292,"self":0.0019952,"total":0.0019952,"children":null}}}}},"DecideAction":{"count":1459,"self":0.0233758,"total":0.0233758,"children":null},"AgentAct":{"count":1459,"self":0.029326599999999998,"total":0.029326599999999998,"children":null}},"gauges":{},"metadata":{"timer_format_version":"0.1.0","start_time_seconds":"1706960777","unity_version":"2022.2.6f1","command_line_arguments":"C:\\Program Files\\Unity\\Hub\\Editor\\2022.2.6f1\\Editor\\Unity.exe -projectpath D:\/Dev\/SafeRLAUV -useHub -hubIPC -cloudEnvironment production -hubSessionId cece6f40-c27d-11ee-9afb-07f288dda02d","communication_protocol_version":"1.5.0","com.unity.ml-agents_version":"2.0.1","scene_name":"SurfaceTest","end_time_seconds":"1706960814"}}