{"count":1,"self":11080.84736,"total":11081.0817677,"children":{"InitializeActuators":{"count":3,"self":0.001004,"total":0.001004,"children":null},"InitializeSensors":{"count":3,"self":0.0009996,"total":0.0009996,"children":null},"AgentSendState":{"count":4576,"self":0.078545999999999991,"total":0.11552739999999999,"children":{"CollectObservations":{"count":2748,"self":0.010582099999999999,"total":0.010582099999999999,"children":null},"WriteActionMask":{"count":2748,"self":0.0045233999999999995,"total":0.0045233999999999995,"children":null},"RequestDecision":{"count":2748,"self":0.0158638,"total":0.0218759,"children":{"RayPerceptionSensor.Perceive":{"count":2748,"self":0.0060120999999999994,"total":0.0060120999999999994,"children":null}}}}},"DecideAction":{"count":4576,"self":0.050405899999999997,"total":0.050405899999999997,"children":null},"AgentAct":{"count":4576,"self":0.066833099999999993,"total":0.066833099999999993,"children":null}},"gauges":{},"metadata":{"timer_format_version":"0.1.0","start_time_seconds":"1707335958","unity_version":"2022.2.6f1","command_line_arguments":"C:\\Program Files\\Unity\\Hub\\Editor\\2022.2.6f1\\Editor\\Unity.exe -projectpath E:\\Dev\\SafeRLAUV -useHub -hubIPC -cloudEnvironment production -licensingIpc LicenseClient-david -hubSessionId 70cb344e-c423-406c-b497-d8202b14cb9a -accessToken vL5D1GUl5wEy9yNZNIn4gmAR0jXiXCMaXbdG-ILhGCk012f","communication_protocol_version":"1.5.0","com.unity.ml-agents_version":"2.0.1","scene_name":"SurfaceEasy","end_time_seconds":"1707347039"}}