{"count":1,"self":1.8589516,"total":265.75935899999996,"children":{"InitializeActuators":{"count":1,"self":0.0015042999999999999,"total":0.0015042999999999999,"children":null},"InitializeSensors":{"count":1,"self":0.0030045,"total":0.0030045,"children":null},"AgentSendState":{"count":2426,"self":0.020200799999999998,"total":0.0404205,"children":{"CollectObservations":{"count":487,"self":0.0015046999999999999,"total":0.0015046999999999999,"children":null},"WriteActionMask":{"count":487,"self":0.0021398999999999997,"total":0.0021398999999999997,"children":null},"RequestDecision":{"count":487,"self":0.0045068,"total":0.0165751,"children":{"AgentInfo.ToProto":{"count":487,"self":0.0009994,"total":0.012068299999999999,"children":{"GenerateSensorData":{"count":487,"self":0.0085673,"total":0.0110689,"children":{"RayPerceptionSensor.Perceive":{"count":1948,"self":0.0025016,"total":0.0025016,"children":null}}}}}}}}},"DecideAction":{"count":2426,"self":263.8435072,"total":263.84351369999996,"children":null},"AgentAct":{"count":2426,"self":0.0109593,"total":0.0109593,"children":null}},"gauges":{},"metadata":{"timer_format_version":"0.1.0","start_time_seconds":"1716324429","unity_version":"2023.2.15f1","command_line_arguments":"E:\\Dev\\SafeRLAUV\\Python\\..\/Builds\/Gym_Env\/SafeRLAUV.exe --mlagents-port 5038","communication_protocol_version":"1.5.0","com.unity.ml-agents_version":"2.0.1","scene_name":"Caves_Easy","end_time_seconds":"1716324695"}}