{"count":1,"self":1455.1006208,"total":2579.0170672,"children":{"InitializeActuators":{"count":1,"self":0.0010004999999999999,"total":0.0010004999999999999,"children":null},"InitializeSensors":{"count":1,"self":0.0020507,"total":0.0020507,"children":null},"AgentSendState":{"count":1274918,"self":10.1185792,"total":16.918457,"children":{"CollectObservations":{"count":255049,"self":0.3155939,"total":0.3155939,"children":null},"WriteActionMask":{"count":255049,"self":0.14316189999999998,"total":0.14316189999999998,"children":null},"RequestDecision":{"count":255049,"self":0.66012229999999994,"total":6.3411224,"children":{"AgentInfo.ToProto":{"count":255049,"self":0.8526359,"total":5.6810000999999994,"children":{"GenerateSensorData":{"count":255049,"self":3.8323796,"total":4.8283642,"children":{"RayPerceptionSensor.Perceive":{"count":1020196,"self":0.9959847,"total":0.9959847,"children":null}}}}}}}}},"DecideAction":{"count":1274918,"self":1102.9920768,"total":1102.9921279,"children":null},"AgentAct":{"count":1274918,"self":3.9992815999999998,"total":3.9992818,"children":null},"AgentInfo.ToProto":{"count":106,"self":0,"total":0.003528,"children":{"GenerateSensorData":{"count":106,"self":0.0020257,"total":0.003528,"children":{"RayPerceptionSensor.Perceive":{"count":424,"self":0.0015023,"total":0.0015023,"children":null}}}}}},"gauges":{"Rover.CumulativeReward":{"count":106,"max":-1888.65222,"min":-5468.79248,"runningAverage":-3599.63672,"value":-2677.4978,"weightedAverage":-2702.40234}},"metadata":{"timer_format_version":"0.1.0","start_time_seconds":"1716411600","unity_version":"2023.2.15f1","command_line_arguments":"E:\\Dev\\SafeRLAUV\\Python\\..\/Builds\/EasyEnv\/SafeRLAUV.exe --mlagents-port 5136","communication_protocol_version":"1.5.0","com.unity.ml-agents_version":"2.0.1","scene_name":"Caves_Easy","end_time_seconds":"1716414179"}}